--
-- PostgreSQL database dump
--

\restrict Vg1P0xEXSf3ecmd0gEO9m1CfW5QYozEdKniaFGBAWwxtGS64x86q3vdCkPBduaM

-- Dumped from database version 18.1
-- Dumped by pg_dump version 18.1

SET statement_timeout = 0;
SET lock_timeout = 0;
SET idle_in_transaction_session_timeout = 0;
SET transaction_timeout = 0;
SET client_encoding = 'UTF8';
SET standard_conforming_strings = on;
SELECT pg_catalog.set_config('search_path', '', false);
SET check_function_bodies = false;
SET xmloption = content;
SET client_min_messages = warning;
SET row_security = off;

--
-- Name: public; Type: SCHEMA; Schema: -; Owner: hlech_user
--

-- *not* creating schema, since initdb creates it


ALTER SCHEMA public OWNER TO hlech_user;

SET default_tablespace = '';

SET default_table_access_method = heap;

--
-- Name: accounts_user_groups; Type: TABLE; Schema: public; Owner: hlech_user
--

CREATE TABLE public.accounts_user_groups (
    id bigint NOT NULL,
    user_id bigint NOT NULL,
    group_id integer NOT NULL
);


ALTER TABLE public.accounts_user_groups OWNER TO hlech_user;

--
-- Name: accounts_user_groups_id_seq; Type: SEQUENCE; Schema: public; Owner: hlech_user
--

ALTER TABLE public.accounts_user_groups ALTER COLUMN id ADD GENERATED BY DEFAULT AS IDENTITY (
    SEQUENCE NAME public.accounts_user_groups_id_seq
    START WITH 1
    INCREMENT BY 1
    NO MINVALUE
    NO MAXVALUE
    CACHE 1
);


--
-- Name: accounts_user_user_permissions; Type: TABLE; Schema: public; Owner: hlech_user
--

CREATE TABLE public.accounts_user_user_permissions (
    id bigint NOT NULL,
    user_id bigint NOT NULL,
    permission_id integer NOT NULL
);


ALTER TABLE public.accounts_user_user_permissions OWNER TO hlech_user;

--
-- Name: accounts_user_user_permissions_id_seq; Type: SEQUENCE; Schema: public; Owner: hlech_user
--

ALTER TABLE public.accounts_user_user_permissions ALTER COLUMN id ADD GENERATED BY DEFAULT AS IDENTITY (
    SEQUENCE NAME public.accounts_user_user_permissions_id_seq
    START WITH 1
    INCREMENT BY 1
    NO MINVALUE
    NO MAXVALUE
    CACHE 1
);


--
-- Name: auth_group; Type: TABLE; Schema: public; Owner: hlech_user
--

CREATE TABLE public.auth_group (
    id integer NOT NULL,
    name character varying(150) NOT NULL
);


ALTER TABLE public.auth_group OWNER TO hlech_user;

--
-- Name: auth_group_id_seq; Type: SEQUENCE; Schema: public; Owner: hlech_user
--

ALTER TABLE public.auth_group ALTER COLUMN id ADD GENERATED BY DEFAULT AS IDENTITY (
    SEQUENCE NAME public.auth_group_id_seq
    START WITH 1
    INCREMENT BY 1
    NO MINVALUE
    NO MAXVALUE
    CACHE 1
);


--
-- Name: auth_group_permissions; Type: TABLE; Schema: public; Owner: hlech_user
--

CREATE TABLE public.auth_group_permissions (
    id bigint NOT NULL,
    group_id integer NOT NULL,
    permission_id integer NOT NULL
);


ALTER TABLE public.auth_group_permissions OWNER TO hlech_user;

--
-- Name: auth_group_permissions_id_seq; Type: SEQUENCE; Schema: public; Owner: hlech_user
--

ALTER TABLE public.auth_group_permissions ALTER COLUMN id ADD GENERATED BY DEFAULT AS IDENTITY (
    SEQUENCE NAME public.auth_group_permissions_id_seq
    START WITH 1
    INCREMENT BY 1
    NO MINVALUE
    NO MAXVALUE
    CACHE 1
);


--
-- Name: auth_permission; Type: TABLE; Schema: public; Owner: hlech_user
--

CREATE TABLE public.auth_permission (
    id integer NOT NULL,
    name character varying(255) NOT NULL,
    content_type_id integer NOT NULL,
    codename character varying(100) NOT NULL
);


ALTER TABLE public.auth_permission OWNER TO hlech_user;

--
-- Name: auth_permission_id_seq; Type: SEQUENCE; Schema: public; Owner: hlech_user
--

ALTER TABLE public.auth_permission ALTER COLUMN id ADD GENERATED BY DEFAULT AS IDENTITY (
    SEQUENCE NAME public.auth_permission_id_seq
    START WITH 1
    INCREMENT BY 1
    NO MINVALUE
    NO MAXVALUE
    CACHE 1
);


--
-- Name: core_profile; Type: TABLE; Schema: public; Owner: hlech_user
--

CREATE TABLE public.core_profile (
    id bigint NOT NULL,
    avatar character varying(100),
    address text,
    user_id bigint NOT NULL
);


ALTER TABLE public.core_profile OWNER TO hlech_user;

--
-- Name: core_profile_id_seq; Type: SEQUENCE; Schema: public; Owner: hlech_user
--

ALTER TABLE public.core_profile ALTER COLUMN id ADD GENERATED BY DEFAULT AS IDENTITY (
    SEQUENCE NAME public.core_profile_id_seq
    START WITH 1
    INCREMENT BY 1
    NO MINVALUE
    NO MAXVALUE
    CACHE 1
);


--
-- Name: django_admin_log; Type: TABLE; Schema: public; Owner: hlech_user
--

CREATE TABLE public.django_admin_log (
    id integer NOT NULL,
    action_time timestamp with time zone NOT NULL,
    object_id text,
    object_repr character varying(200) NOT NULL,
    action_flag smallint NOT NULL,
    change_message text NOT NULL,
    content_type_id integer,
    user_id bigint NOT NULL,
    CONSTRAINT django_admin_log_action_flag_check CHECK ((action_flag >= 0))
);


ALTER TABLE public.django_admin_log OWNER TO hlech_user;

--
-- Name: django_admin_log_id_seq; Type: SEQUENCE; Schema: public; Owner: hlech_user
--

ALTER TABLE public.django_admin_log ALTER COLUMN id ADD GENERATED BY DEFAULT AS IDENTITY (
    SEQUENCE NAME public.django_admin_log_id_seq
    START WITH 1
    INCREMENT BY 1
    NO MINVALUE
    NO MAXVALUE
    CACHE 1
);


--
-- Name: django_content_type; Type: TABLE; Schema: public; Owner: hlech_user
--

CREATE TABLE public.django_content_type (
    id integer NOT NULL,
    app_label character varying(100) NOT NULL,
    model character varying(100) NOT NULL
);


ALTER TABLE public.django_content_type OWNER TO hlech_user;

--
-- Name: django_content_type_id_seq; Type: SEQUENCE; Schema: public; Owner: hlech_user
--

ALTER TABLE public.django_content_type ALTER COLUMN id ADD GENERATED BY DEFAULT AS IDENTITY (
    SEQUENCE NAME public.django_content_type_id_seq
    START WITH 1
    INCREMENT BY 1
    NO MINVALUE
    NO MAXVALUE
    CACHE 1
);


--
-- Name: django_migrations; Type: TABLE; Schema: public; Owner: hlech_user
--

CREATE TABLE public.django_migrations (
    id bigint NOT NULL,
    app character varying(255) NOT NULL,
    name character varying(255) NOT NULL,
    applied timestamp with time zone NOT NULL
);


ALTER TABLE public.django_migrations OWNER TO hlech_user;

--
-- Name: django_migrations_id_seq; Type: SEQUENCE; Schema: public; Owner: hlech_user
--

ALTER TABLE public.django_migrations ALTER COLUMN id ADD GENERATED BY DEFAULT AS IDENTITY (
    SEQUENCE NAME public.django_migrations_id_seq
    START WITH 1
    INCREMENT BY 1
    NO MINVALUE
    NO MAXVALUE
    CACHE 1
);


--
-- Name: django_session; Type: TABLE; Schema: public; Owner: hlech_user
--

CREATE TABLE public.django_session (
    session_key character varying(40) NOT NULL,
    session_data text NOT NULL,
    expire_date timestamp with time zone NOT NULL
);


ALTER TABLE public.django_session OWNER TO hlech_user;

--
-- Name: token_blacklist_blacklistedtoken; Type: TABLE; Schema: public; Owner: hlech_user
--

CREATE TABLE public.token_blacklist_blacklistedtoken (
    id integer NOT NULL,
    blacklisted_at timestamp with time zone NOT NULL,
    token_id integer NOT NULL
);


ALTER TABLE public.token_blacklist_blacklistedtoken OWNER TO hlech_user;

--
-- Name: token_blacklist_blacklistedtoken_id_seq; Type: SEQUENCE; Schema: public; Owner: hlech_user
--

ALTER TABLE public.token_blacklist_blacklistedtoken ALTER COLUMN id ADD GENERATED BY DEFAULT AS IDENTITY (
    SEQUENCE NAME public.token_blacklist_blacklistedtoken_id_seq
    START WITH 1
    INCREMENT BY 1
    NO MINVALUE
    NO MAXVALUE
    CACHE 1
);


--
-- Name: token_blacklist_outstandingtoken; Type: TABLE; Schema: public; Owner: hlech_user
--

CREATE TABLE public.token_blacklist_outstandingtoken (
    id integer NOT NULL,
    token text NOT NULL,
    created_at timestamp with time zone NOT NULL,
    expires_at timestamp with time zone NOT NULL,
    user_id bigint NOT NULL,
    jti_hex character varying(255) NOT NULL
);


ALTER TABLE public.token_blacklist_outstandingtoken OWNER TO hlech_user;

--
-- Name: token_blacklist_outstandingtoken_id_seq; Type: SEQUENCE; Schema: public; Owner: hlech_user
--

ALTER TABLE public.token_blacklist_outstandingtoken ALTER COLUMN id ADD GENERATED BY DEFAULT AS IDENTITY (
    SEQUENCE NAME public.token_blacklist_outstandingtoken_id_seq
    START WITH 1
    INCREMENT BY 1
    NO MINVALUE
    NO MAXVALUE
    CACHE 1
);


--
-- Data for Name: accounts_user_groups; Type: TABLE DATA; Schema: public; Owner: hlech_user
--

COPY public.accounts_user_groups (id, user_id, group_id) FROM stdin;
\.


--
-- Data for Name: accounts_user_user_permissions; Type: TABLE DATA; Schema: public; Owner: hlech_user
--

COPY public.accounts_user_user_permissions (id, user_id, permission_id) FROM stdin;
\.


--
-- Data for Name: auth_group; Type: TABLE DATA; Schema: public; Owner: hlech_user
--

COPY public.auth_group (id, name) FROM stdin;
\.


--
-- Data for Name: auth_group_permissions; Type: TABLE DATA; Schema: public; Owner: hlech_user
--

COPY public.auth_group_permissions (id, group_id, permission_id) FROM stdin;
\.


--
-- Data for Name: auth_permission; Type: TABLE DATA; Schema: public; Owner: hlech_user
--

COPY public.auth_permission (id, name, content_type_id, codename) FROM stdin;
1	Can add log entry	1	add_logentry
2	Can change log entry	1	change_logentry
3	Can delete log entry	1	delete_logentry
4	Can view log entry	1	view_logentry
5	Can add permission	2	add_permission
6	Can change permission	2	change_permission
7	Can delete permission	2	delete_permission
8	Can view permission	2	view_permission
9	Can add group	3	add_group
10	Can change group	3	change_group
11	Can delete group	3	delete_group
12	Can view group	3	view_group
13	Can add content type	4	add_contenttype
14	Can change content type	4	change_contenttype
15	Can delete content type	4	delete_contenttype
16	Can view content type	4	view_contenttype
17	Can add session	5	add_session
18	Can change session	5	change_session
19	Can delete session	5	delete_session
20	Can view session	5	view_session
21	Can add profile	6	add_profile
22	Can change profile	6	change_profile
23	Can delete profile	6	delete_profile
24	Can view profile	6	view_profile
25	Can add user	7	add_user
26	Can change user	7	change_user
27	Can delete user	7	delete_user
28	Can view user	7	view_user
29	Can add Blacklisted Token	8	add_blacklistedtoken
30	Can change Blacklisted Token	8	change_blacklistedtoken
31	Can delete Blacklisted Token	8	delete_blacklistedtoken
32	Can view Blacklisted Token	8	view_blacklistedtoken
33	Can add Outstanding Token	9	add_outstandingtoken
34	Can change Outstanding Token	9	change_outstandingtoken
35	Can delete Outstanding Token	9	delete_outstandingtoken
36	Can view Outstanding Token	9	view_outstandingtoken
\.


--
-- Data for Name: core_profile; Type: TABLE DATA; Schema: public; Owner: hlech_user
--

COPY public.core_profile (id, avatar, address, user_id) FROM stdin;
\.


--
-- Data for Name: django_admin_log; Type: TABLE DATA; Schema: public; Owner: hlech_user
--

COPY public.django_admin_log (id, action_time, object_id, object_repr, action_flag, change_message, content_type_id, user_id) FROM stdin;
\.


--
-- Data for Name: django_content_type; Type: TABLE DATA; Schema: public; Owner: hlech_user
--

COPY public.django_content_type (id, app_label, model) FROM stdin;
1	admin	logentry
2	auth	permission
3	auth	group
4	contenttypes	contenttype
5	sessions	session
6	core	profile
7	accounts	user
8	token_blacklist	blacklistedtoken
9	token_blacklist	outstandingtoken
\.


--
-- Data for Name: django_migrations; Type: TABLE DATA; Schema: public; Owner: hlech_user
--

COPY public.django_migrations (id, app, name, applied) FROM stdin;
1	contenttypes	0001_initial	2025-12-26 11:12:34.38133-12
2	contenttypes	0002_remove_content_type_name	2025-12-26 11:12:34.503056-12
3	auth	0001_initial	2025-12-26 11:12:34.63368-12
4	auth	0002_alter_permission_name_max_length	2025-12-26 11:12:34.641066-12
5	auth	0003_alter_user_email_max_length	2025-12-26 11:12:34.647961-12
6	auth	0004_alter_user_username_opts	2025-12-26 11:12:34.656275-12
7	auth	0005_alter_user_last_login_null	2025-12-26 11:12:34.666331-12
8	auth	0006_require_contenttypes_0002	2025-12-26 11:12:34.668361-12
9	auth	0007_alter_validators_add_error_messages	2025-12-26 11:12:34.675037-12
10	auth	0008_alter_user_username_max_length	2025-12-26 11:12:34.682167-12
11	auth	0009_alter_user_last_name_max_length	2025-12-26 11:12:34.689095-12
12	auth	0010_alter_group_name_max_length	2025-12-26 11:12:34.717343-12
13	auth	0011_update_proxy_permissions	2025-12-26 11:12:34.723418-12
14	auth	0012_alter_user_first_name_max_length	2025-12-26 11:12:34.731933-12
21	admin	0003_logentry_add_action_flag_choices	2025-12-26 11:12:35.007545-12
22	core	0001_initial	2025-12-26 11:12:35.032454-12
23	sessions	0001_initial	2025-12-26 11:12:35.073133-12
24	token_blacklist	0001_initial	2025-12-26 11:12:35.12409-12
25	token_blacklist	0002_outstandingtoken_jti_hex	2025-12-26 11:12:35.142383-12
26	token_blacklist	0003_auto_20171017_2007	2025-12-26 11:12:35.169061-12
27	token_blacklist	0004_auto_20171017_2013	2025-12-26 11:12:35.189036-12
28	token_blacklist	0005_remove_outstandingtoken_jti	2025-12-26 11:12:35.202139-12
\.


--
-- Data for Name: django_session; Type: TABLE DATA; Schema: public; Owner: hlech_user
--

COPY public.django_session (session_key, session_data, expire_date) FROM stdin;
\.


--
-- Data for Name: token_blacklist_blacklistedtoken; Type: TABLE DATA; Schema: public; Owner: hlech_user
--

COPY public.token_blacklist_blacklistedtoken (id, blacklisted_at, token_id) FROM stdin;
\.


--
-- Data for Name: token_blacklist_outstandingtoken; Type: TABLE DATA; Schema: public; Owner: hlech_user
--

COPY public.token_blacklist_outstandingtoken (id, token, created_at, expires_at, user_id, jti_hex) FROM stdin;
1	eyJhbGciOiJIUzI1NiIsInR5cCI6IkpXVCJ9.eyJ0b2tlbl90eXBlIjoicmVmcmVzaCIsImV4cCI6MTc2NzQ1ODExNSwiaWF0IjoxNzY3MzcxNzE1LCJqdGkiOiI4N2QyMWZmNTc3MGI0MmJhYTQ5Y2QwMzhhYWEyZjlkNiIsInVzZXJfaWQiOiIxIn0.f3ABVuiw5raMZjz2ahhE1NvLE66RCVHLLu8vqFBbbGU	2026-01-02 04:35:15.140659-12	2026-01-03 04:35:15-12	1	87d21ff5770b42baa49cd038aaa2f9d6
2	eyJhbGciOiJIUzI1NiIsInR5cCI6IkpXVCJ9.eyJ0b2tlbl90eXBlIjoicmVmcmVzaCIsImV4cCI6MTc2NzQ1ODU3NywiaWF0IjoxNzY3MzcyMTc3LCJqdGkiOiJiMzVlNzMwODBkYjI0OThjYmRlOWUyYjM2MTNhOWNjZCIsInVzZXJfaWQiOiIxIn0.5isIWi91VSPTV5Fm63mH8U78zEMWcPOQPWeuibf432E	2026-01-02 04:42:57.151607-12	2026-01-03 04:42:57-12	1	b35e73080db2498cbde9e2b3613a9ccd
3	eyJhbGciOiJIUzI1NiIsInR5cCI6IkpXVCJ9.eyJ0b2tlbl90eXBlIjoicmVmcmVzaCIsImV4cCI6MTc2NzQ1ODYwOSwiaWF0IjoxNzY3MzcyMjA5LCJqdGkiOiI2MzkwNjk5YjI5N2I0YjZkYTc5YTc0NDkxYmIyNTM4NSIsInVzZXJfaWQiOiIyIn0.0QXCp-JL-Y81rTGUz_n9JzKnXzMaKfVTBDvIEEakOi0	2026-01-02 04:43:29.295909-12	2026-01-03 04:43:29-12	2	6390699b297b4b6da79a74491bb25385
4	eyJhbGciOiJIUzI1NiIsInR5cCI6IkpXVCJ9.eyJ0b2tlbl90eXBlIjoicmVmcmVzaCIsImV4cCI6MTc2NzQ1OTQ5NywiaWF0IjoxNzY3MzczMDk3LCJqdGkiOiJlZGM4NjczMzBjNTQ0ZGQyODc2NWQzYjFmZTUxNzI4NyIsInVzZXJfaWQiOiIxIn0.f0H7D79NBpk9e3XuDQxkuy-TErjJ98JNPayKtVVVnzE	2026-01-02 04:58:17.597775-12	2026-01-03 04:58:17-12	1	edc867330c544dd28765d3b1fe517287
5	eyJhbGciOiJIUzI1NiIsInR5cCI6IkpXVCJ9.eyJ0b2tlbl90eXBlIjoicmVmcmVzaCIsImV4cCI6MTc2NzQ2MDc2NiwiaWF0IjoxNzY3Mzc0MzY2LCJqdGkiOiI4ZjY5Yzc4NzhlNjE0NGQ0YThkN2E1MDlmODFlYjMyNyIsInVzZXJfaWQiOiIxIn0.cbfo3JBP85cH4KWSKb7hKlYRpBGv8toT-82I9JMuyFg	2026-01-02 05:19:26.803261-12	2026-01-03 05:19:26-12	1	8f69c7878e6144d4a8d7a509f81eb327
6	eyJhbGciOiJIUzI1NiIsInR5cCI6IkpXVCJ9.eyJ0b2tlbl90eXBlIjoicmVmcmVzaCIsImV4cCI6MTc2NzQ2MDkyNCwiaWF0IjoxNzY3Mzc0NTI0LCJqdGkiOiI4YjkyNDEzMzNiMzk0ZjZiOTQ2YzYxZDNiOTEzOTgyZiIsInVzZXJfaWQiOiIxIn0.FNoGoCtBE3Wy-O1rC_iQm7SYRq09q7N_xiKvZv0S6Og	2026-01-02 05:22:04.667137-12	2026-01-03 05:22:04-12	1	8b9241333b394f6b946c61d3b913982f
7	eyJhbGciOiJIUzI1NiIsInR5cCI6IkpXVCJ9.eyJ0b2tlbl90eXBlIjoicmVmcmVzaCIsImV4cCI6MTc2NzQ2MTM5MCwiaWF0IjoxNzY3Mzc0OTkwLCJqdGkiOiJiNjRiZDk2NWFlOTg0MzNiODNkYmRiYTA1MGNjOTE5YiIsInVzZXJfaWQiOiIxIn0.SSdFn-JNmDPvzHXFBw53tMojoLgHF7QpeSff_Z2dKaw	2026-01-02 05:29:50.421647-12	2026-01-03 05:29:50-12	1	b64bd965ae98433b83dbdba050cc919b
8	eyJhbGciOiJIUzI1NiIsInR5cCI6IkpXVCJ9.eyJ0b2tlbl90eXBlIjoicmVmcmVzaCIsImV4cCI6MTc2NzQ2MTUyMywiaWF0IjoxNzY3Mzc1MTIzLCJqdGkiOiIzMGZjY2QzN2YzMTc0NGMwODRjNTNhOWQ4OWI2ZGY0ZCIsInVzZXJfaWQiOiIxIn0.z_y3IG3t-AviENj1LzxHISN3mcOzXOZ0DgpcP3bKQnY	2026-01-02 05:32:03.341569-12	2026-01-03 05:32:03-12	1	30fccd37f31744c084c53a9d89b6df4d
9	eyJhbGciOiJIUzI1NiIsInR5cCI6IkpXVCJ9.eyJ0b2tlbl90eXBlIjoicmVmcmVzaCIsImV4cCI6MTc2NzQ2MTg3NCwiaWF0IjoxNzY3Mzc1NDc0LCJqdGkiOiI1YWQxZWUzMzU2NTY0NTY3OTg4NGJkODNlYzQ5OWM2MiIsInVzZXJfaWQiOiIxIn0.DSQX78U-clwvB1XKpRDTY7WZFgaZZSLH9nk7NK3pDlI	2026-01-02 05:37:54.275812-12	2026-01-03 05:37:54-12	1	5ad1ee33565645679884bd83ec499c62
10	eyJhbGciOiJIUzI1NiIsInR5cCI6IkpXVCJ9.eyJ0b2tlbl90eXBlIjoicmVmcmVzaCIsImV4cCI6MTc2NzQ2MTg4MCwiaWF0IjoxNzY3Mzc1NDgwLCJqdGkiOiI2YTliNjdiNzZhNTY0YjM1YmE5NDkzMWIxNGVkMWJhZiIsInVzZXJfaWQiOiIxIn0.kX_M2l7PQQM4dZH4wIM8ypiHAIGB36XQoFuYVm0Ceu0	2026-01-02 05:38:00.012832-12	2026-01-03 05:38:00-12	1	6a9b67b76a564b35ba94931b14ed1baf
11	eyJhbGciOiJIUzI1NiIsInR5cCI6IkpXVCJ9.eyJ0b2tlbl90eXBlIjoicmVmcmVzaCIsImV4cCI6MTc2NzQ4OTkxOSwiaWF0IjoxNzY3NDAzNTE5LCJqdGkiOiI0YTBhMjlmMDIyOWM0NWJhYmI4MGFlYmQ0MGUzMzJiZCIsInVzZXJfaWQiOiIxIn0.-zN_f6SsX8gbHMZVdzbEJihxvYdAM5mftSxgZpFHdfI	2026-01-02 13:25:19.835716-12	2026-01-03 13:25:19-12	1	4a0a29f0229c45babb80aebd40e332bd
12	eyJhbGciOiJIUzI1NiIsInR5cCI6IkpXVCJ9.eyJ0b2tlbl90eXBlIjoicmVmcmVzaCIsImV4cCI6MTc2NzQ5NzUzMiwiaWF0IjoxNzY3NDExMTMyLCJqdGkiOiIxMmRiYzQ3ODQ3Mzg0ZTgyYTU2MTAxMTdlMDVlYWM1NCIsInVzZXJfaWQiOiIxIn0.kQGFy_k7DUmoFUITzwe84HIaFQchXyMM6QSVb8d7v4s	2026-01-02 15:32:12.745221-12	2026-01-03 15:32:12-12	1	12dbc47847384e82a5610117e05eac54
13	eyJhbGciOiJIUzI1NiIsInR5cCI6IkpXVCJ9.eyJ0b2tlbl90eXBlIjoicmVmcmVzaCIsImV4cCI6MTc2NzQ5NzYyOSwiaWF0IjoxNzY3NDExMjI5LCJqdGkiOiIyNWU5ZTRjN2RhMDc0NjkyOTc4ZjQwN2YxZjc1MzBkNCIsInVzZXJfaWQiOiIxIn0.po-f_3Ip0qkLqJVuTJxmvt6k2PZBqp4MIJ14uCYwKFQ	2026-01-02 15:33:49.391257-12	2026-01-03 15:33:49-12	1	25e9e4c7da074692978f407f1f7530d4
14	eyJhbGciOiJIUzI1NiIsInR5cCI6IkpXVCJ9.eyJ0b2tlbl90eXBlIjoicmVmcmVzaCIsImV4cCI6MTc2NzQ5ODI0NiwiaWF0IjoxNzY3NDExODQ2LCJqdGkiOiI2N2Y0Yzg5YzNlOTc0ODgyOGI0NDgwMzdkMGI2MjliNyIsInVzZXJfaWQiOiIxIn0.EOlzny_KNA2SOOejh_u656HTkWhccwvEmuH6Tr0H7_w	2026-01-02 15:44:06.498488-12	2026-01-03 15:44:06-12	1	67f4c89c3e9748828b448037d0b629b7
15	eyJhbGciOiJIUzI1NiIsInR5cCI6IkpXVCJ9.eyJ0b2tlbl90eXBlIjoicmVmcmVzaCIsImV4cCI6MTc2NzUxMTM4MCwiaWF0IjoxNzY3NDI0OTgwLCJqdGkiOiIzMGVmZGRjMmU5MmQ0ZTI2OGE0ZTljMzdiY2UxM2EwOSIsInVzZXJfaWQiOiIxIn0.ZhVYvWsfJh9dhI4EcASyDZFsOmwy3WCAnF-G-6L_Ozw	2026-01-02 19:23:00.303104-12	2026-01-03 19:23:00-12	1	30efddc2e92d4e268a4e9c37bce13a09
16	eyJhbGciOiJIUzI1NiIsInR5cCI6IkpXVCJ9.eyJ0b2tlbl90eXBlIjoicmVmcmVzaCIsImV4cCI6MTc2NzUxMzc4NywiaWF0IjoxNzY3NDI3Mzg3LCJqdGkiOiI4Yjc4NjMxOTdmYmU0ZjA2YWYzOWE2YzA5ODMzN2M3NiIsInVzZXJfaWQiOiIxIn0.RVhW0c0p7xG7Y29bWg9ffY19Jmbos7hhYcyMWE4bBpw	2026-01-02 20:03:07.227446-12	2026-01-03 20:03:07-12	1	8b7863197fbe4f06af39a6c098337c76
17	eyJhbGciOiJIUzI1NiIsInR5cCI6IkpXVCJ9.eyJ0b2tlbl90eXBlIjoicmVmcmVzaCIsImV4cCI6MTc2NzUxNDYyNywiaWF0IjoxNzY3NDI4MjI3LCJqdGkiOiJjNTQ1YTlmY2RjY2M0ODQ5YTdkZGE1MWY5M2E5NGE0ZCIsInVzZXJfaWQiOiIzIn0.0sEqVEa3MKsb1lmqsq8qTc0r-jHTlIy49L__WdfjGbQ	2026-01-02 20:17:07.641233-12	2026-01-03 20:17:07-12	3	c545a9fcdccc4849a7dda51f93a94a4d
18	eyJhbGciOiJIUzI1NiIsInR5cCI6IkpXVCJ9.eyJ0b2tlbl90eXBlIjoicmVmcmVzaCIsImV4cCI6MTc2NzUxNDYyOSwiaWF0IjoxNzY3NDI4MjI5LCJqdGkiOiJiNTk2OGYwMDYyY2Q0MGFkODE3YmUzYmVhMGRjZmY3MiIsInVzZXJfaWQiOiIzIn0.oJxM-LjGklMirNN20nBgCNLY4B1_6T6JbNbmnMxqsUw	2026-01-02 20:17:09.006863-12	2026-01-03 20:17:09-12	3	b5968f0062cd40ad817be3bea0dcff72
19	eyJhbGciOiJIUzI1NiIsInR5cCI6IkpXVCJ9.eyJ0b2tlbl90eXBlIjoicmVmcmVzaCIsImV4cCI6MTc2NzUxNDY5NSwiaWF0IjoxNzY3NDI4Mjk1LCJqdGkiOiJjZjg0ZjY1Zjc4OGY0MWQ0ODIyMDBhNmJlNjMzYjc1OCIsInVzZXJfaWQiOiI0In0.QOIwhLz2LVenygGXNtBkLp0WqY9ZlR4dUhJ25lIiKPU	2026-01-02 20:18:15.325836-12	2026-01-03 20:18:15-12	4	cf84f65f788f41d482200a6be633b758
20	eyJhbGciOiJIUzI1NiIsInR5cCI6IkpXVCJ9.eyJ0b2tlbl90eXBlIjoicmVmcmVzaCIsImV4cCI6MTc2NzUxNDY5NiwiaWF0IjoxNzY3NDI4Mjk2LCJqdGkiOiI4MjMxMmU0NDRiOGU0YWI4OGM1MTU0NjQwMTU2M2EyYyIsInVzZXJfaWQiOiI0In0.WKT9xhbJUy3bcns4s0AvffBU0Awkvh7b8_tHSDeWZdo	2026-01-02 20:18:16.751055-12	2026-01-03 20:18:16-12	4	82312e444b8e4ab88c51546401563a2c
21	eyJhbGciOiJIUzI1NiIsInR5cCI6IkpXVCJ9.eyJ0b2tlbl90eXBlIjoicmVmcmVzaCIsImV4cCI6MTc2NzUxNjMxMywiaWF0IjoxNzY3NDI5OTEzLCJqdGkiOiI0NTE4YmI4N2NlMTY0MGE3ODIyNjJlZTliNmY4MDdmZCIsInVzZXJfaWQiOiI1In0.G2Tu2SykJI53XLeHwWo0cmovrsDsDkYj_k0JCaGq5o4	2026-01-02 20:45:13.106227-12	2026-01-03 20:45:13-12	5	4518bb87ce1640a782262ee9b6f807fd
22	eyJhbGciOiJIUzI1NiIsInR5cCI6IkpXVCJ9.eyJ0b2tlbl90eXBlIjoicmVmcmVzaCIsImV4cCI6MTc2NzUxNjMxNCwiaWF0IjoxNzY3NDI5OTE0LCJqdGkiOiJjYjI4ZTc2YWRmOGM0YjhiYTE1ZTc1NzQ2YWMzNTI0MyIsInVzZXJfaWQiOiI1In0.AEYCmmR1LsZG00OoIsEzOzBTEMFFPtzeRvAcXs5WW-k	2026-01-02 20:45:14.72352-12	2026-01-03 20:45:14-12	5	cb28e76adf8c4b8ba15e75746ac35243
23	eyJhbGciOiJIUzI1NiIsInR5cCI6IkpXVCJ9.eyJ0b2tlbl90eXBlIjoicmVmcmVzaCIsImV4cCI6MTc2NzUxOTI3NywiaWF0IjoxNzY3NDMyODc3LCJqdGkiOiI3YTI4N2FjY2QyMGU0NWFlODc2MDA4Y2E0MzdkMjhjYiIsInVzZXJfaWQiOiI2In0.itqVtc8-dIL6308utqTO_yb9f60OHSu-_CINZrC_WZM	2026-01-02 21:34:37.796044-12	2026-01-03 21:34:37-12	6	7a287accd20e45ae876008ca437d28cb
24	eyJhbGciOiJIUzI1NiIsInR5cCI6IkpXVCJ9.eyJ0b2tlbl90eXBlIjoicmVmcmVzaCIsImV4cCI6MTc2NzUxOTI3OSwiaWF0IjoxNzY3NDMyODc5LCJqdGkiOiIxZDNkY2I1ZGMwMmU0YTY0YTM0NWZiOTAxNGY5Njg1MSIsInVzZXJfaWQiOiI2In0.UHQx53QAnuJUz6AtiWDMr4AnIIMnbBmD8dAGfKVnaKU	2026-01-02 21:34:39.574582-12	2026-01-03 21:34:39-12	6	1d3dcb5dc02e4a64a345fb9014f96851
25	eyJhbGciOiJIUzI1NiIsInR5cCI6IkpXVCJ9.eyJ0b2tlbl90eXBlIjoicmVmcmVzaCIsImV4cCI6MTc2OTQ4NjkzMCwiaWF0IjoxNzY5NDAwNTMwLCJqdGkiOiI4NWM3MDViMDYwYmM0MzE3YjYwMzgwOTAzNDEwZDk3YiIsInVzZXJfaWQiOiI3In0.1R2aXKT9xCKraLkzgMRdP83Cg-8OFSDkEfhIDRH909w	2026-01-25 16:08:50.522692-12	2026-01-26 16:08:50-12	7	85c705b060bc4317b60380903410d97b
26	eyJhbGciOiJIUzI1NiIsInR5cCI6IkpXVCJ9.eyJ0b2tlbl90eXBlIjoicmVmcmVzaCIsImV4cCI6MTc2OTQ4NjkzMiwiaWF0IjoxNzY5NDAwNTMyLCJqdGkiOiJkMjc2YTk1OTRkZjM0Y2FiOTIwZTcxZDU4MGQ2MDRmYSIsInVzZXJfaWQiOiI3In0.g9jC42JWIVENpawDDoxLeTZYTHJ8teV0ooaAx4IDF0s	2026-01-25 16:08:52.956789-12	2026-01-26 16:08:52-12	7	d276a9594df34cab920e71d580d604fa
27	eyJhbGciOiJIUzI1NiIsInR5cCI6IkpXVCJ9.eyJ0b2tlbl90eXBlIjoicmVmcmVzaCIsImV4cCI6MTc2OTQ5OTA2NywiaWF0IjoxNzY5NDEyNjY3LCJqdGkiOiIyNTNlMTU4MWM5OTg0NzI3YjI1MWFmZjZkNTUyZjg3OCIsInVzZXJfaWQiOiI4In0.IEG2pLVOAyTSzy6qFgSrHjMH-l9GOb35xjAOmQJsWWA	2026-01-25 19:31:07.446532-12	2026-01-26 19:31:07-12	8	253e1581c9984727b251aff6d552f878
28	eyJhbGciOiJIUzI1NiIsInR5cCI6IkpXVCJ9.eyJ0b2tlbl90eXBlIjoicmVmcmVzaCIsImV4cCI6MTc2OTQ5OTA2OSwiaWF0IjoxNzY5NDEyNjY5LCJqdGkiOiJlMmRhYWM3MjM4NTY0NjhjYjE0N2E5ODg2NTc4MGMwYSIsInVzZXJfaWQiOiI4In0.nBNGeIk_AdjARurA2fT0UR30LDSQGInY6dOJ9gT-WA8	2026-01-25 19:31:09.115193-12	2026-01-26 19:31:09-12	8	e2daac723856468cb147a98865780c0a
29	eyJhbGciOiJIUzI1NiIsInR5cCI6IkpXVCJ9.eyJ0b2tlbl90eXBlIjoicmVmcmVzaCIsImV4cCI6MTc2OTkyODc4MCwiaWF0IjoxNzY5ODQyMzgwLCJqdGkiOiI0ZTM3ZWZhYTliNmU0ZDYzOTU1Zjc3NmI2N2RjZjc3MSIsInVzZXJfaWQiOiI4In0.0pfeiPeEbvm1IgAYYtVUFn65RyeqBUaCe4OKCUQLFxw	2026-01-30 18:53:00.73167-12	2026-01-31 18:53:00-12	8	4e37efaa9b6e4d63955f776b67dcf771
30	eyJhbGciOiJIUzI1NiIsInR5cCI6IkpXVCJ9.eyJ0b2tlbl90eXBlIjoicmVmcmVzaCIsImV4cCI6MTc3MDA5MDg3NiwiaWF0IjoxNzcwMDA0NDc2LCJqdGkiOiJmZDk4MzQzYzhiMWQ0MzgwOGVlNDU2Yzg4MjFiNDYwNiIsInVzZXJfaWQiOiIxIn0.AgfmfxRfjNF0oK7iXdFamSVFjuusfURspWGpjj1zca0	2026-02-01 15:54:36.120329-12	2026-02-02 15:54:36-12	1	fd98343c8b1d43808ee456c8821b4606
31	eyJhbGciOiJIUzI1NiIsInR5cCI6IkpXVCJ9.eyJ0b2tlbl90eXBlIjoicmVmcmVzaCIsImV4cCI6MTc3MDU4NDIzNywiaWF0IjoxNzcwNDk3ODM3LCJqdGkiOiJlMGZjYzBmNzZiZjI0Njc0YTY3MzczYzg0M2RlMzkwZCIsInVzZXJfaWQiOiIxIn0.dQHElgF5I1YQ6N9lCD6AFzo3IrWSQ7E0XgdR4yayxaw	2026-02-07 08:57:17.278789-12	2026-02-08 08:57:17-12	1	e0fcc0f76bf24674a67373c843de390d
32	eyJhbGciOiJIUzI1NiIsInR5cCI6IkpXVCJ9.eyJ0b2tlbl90eXBlIjoicmVmcmVzaCIsImV4cCI6MTc3MDU4NDk4MCwiaWF0IjoxNzcwNDk4NTgwLCJqdGkiOiI2MzZmODllOTgwZWI0ZWMxYWU5ODEyNGYxOGM3YWUzMCIsInVzZXJfaWQiOiIxIn0.Qf2TY90KX9gzICLmDW8aOhsQAYIKxo3f1DVPIFZ6az8	2026-02-07 09:09:40.963986-12	2026-02-08 09:09:40-12	1	636f89e980eb4ec1ae98124f18c7ae30
\.


--
-- Name: accounts_user_groups_id_seq; Type: SEQUENCE SET; Schema: public; Owner: hlech_user
--

SELECT pg_catalog.setval('public.accounts_user_groups_id_seq', 1, false);


--
-- Name: accounts_user_user_permissions_id_seq; Type: SEQUENCE SET; Schema: public; Owner: hlech_user
--

SELECT pg_catalog.setval('public.accounts_user_user_permissions_id_seq', 1, false);


--
-- Name: auth_group_id_seq; Type: SEQUENCE SET; Schema: public; Owner: hlech_user
--

SELECT pg_catalog.setval('public.auth_group_id_seq', 1, false);


--
-- Name: auth_group_permissions_id_seq; Type: SEQUENCE SET; Schema: public; Owner: hlech_user
--

SELECT pg_catalog.setval('public.auth_group_permissions_id_seq', 1, false);


--
-- Name: auth_permission_id_seq; Type: SEQUENCE SET; Schema: public; Owner: hlech_user
--

SELECT pg_catalog.setval('public.auth_permission_id_seq', 36, true);


--
-- Name: core_profile_id_seq; Type: SEQUENCE SET; Schema: public; Owner: hlech_user
--

SELECT pg_catalog.setval('public.core_profile_id_seq', 1, false);


--
-- Name: django_admin_log_id_seq; Type: SEQUENCE SET; Schema: public; Owner: hlech_user
--

SELECT pg_catalog.setval('public.django_admin_log_id_seq', 1, false);


--
-- Name: django_content_type_id_seq; Type: SEQUENCE SET; Schema: public; Owner: hlech_user
--

SELECT pg_catalog.setval('public.django_content_type_id_seq', 9, true);


--
-- Name: django_migrations_id_seq; Type: SEQUENCE SET; Schema: public; Owner: hlech_user
--

SELECT pg_catalog.setval('public.django_migrations_id_seq', 37, true);


--
-- Name: token_blacklist_blacklistedtoken_id_seq; Type: SEQUENCE SET; Schema: public; Owner: hlech_user
--

SELECT pg_catalog.setval('public.token_blacklist_blacklistedtoken_id_seq', 1, false);


--
-- Name: token_blacklist_outstandingtoken_id_seq; Type: SEQUENCE SET; Schema: public; Owner: hlech_user
--

SELECT pg_catalog.setval('public.token_blacklist_outstandingtoken_id_seq', 32, true);


--
-- Name: accounts_user_groups accounts_user_groups_pkey; Type: CONSTRAINT; Schema: public; Owner: hlech_user
--

ALTER TABLE ONLY public.accounts_user_groups
    ADD CONSTRAINT accounts_user_groups_pkey PRIMARY KEY (id);


--
-- Name: accounts_user_groups accounts_user_groups_user_id_group_id_59c0b32f_uniq; Type: CONSTRAINT; Schema: public; Owner: hlech_user
--

ALTER TABLE ONLY public.accounts_user_groups
    ADD CONSTRAINT accounts_user_groups_user_id_group_id_59c0b32f_uniq UNIQUE (user_id, group_id);


--
-- Name: accounts_user_user_permissions accounts_user_user_permi_user_id_permission_id_2ab516c2_uniq; Type: CONSTRAINT; Schema: public; Owner: hlech_user
--

ALTER TABLE ONLY public.accounts_user_user_permissions
    ADD CONSTRAINT accounts_user_user_permi_user_id_permission_id_2ab516c2_uniq UNIQUE (user_id, permission_id);


--
-- Name: accounts_user_user_permissions accounts_user_user_permissions_pkey; Type: CONSTRAINT; Schema: public; Owner: hlech_user
--

ALTER TABLE ONLY public.accounts_user_user_permissions
    ADD CONSTRAINT accounts_user_user_permissions_pkey PRIMARY KEY (id);


--
-- Name: auth_group auth_group_name_key; Type: CONSTRAINT; Schema: public; Owner: hlech_user
--

ALTER TABLE ONLY public.auth_group
    ADD CONSTRAINT auth_group_name_key UNIQUE (name);


--
-- Name: auth_group_permissions auth_group_permissions_group_id_permission_id_0cd325b0_uniq; Type: CONSTRAINT; Schema: public; Owner: hlech_user
--

ALTER TABLE ONLY public.auth_group_permissions
    ADD CONSTRAINT auth_group_permissions_group_id_permission_id_0cd325b0_uniq UNIQUE (group_id, permission_id);


--
-- Name: auth_group_permissions auth_group_permissions_pkey; Type: CONSTRAINT; Schema: public; Owner: hlech_user
--

ALTER TABLE ONLY public.auth_group_permissions
    ADD CONSTRAINT auth_group_permissions_pkey PRIMARY KEY (id);


--
-- Name: auth_group auth_group_pkey; Type: CONSTRAINT; Schema: public; Owner: hlech_user
--

ALTER TABLE ONLY public.auth_group
    ADD CONSTRAINT auth_group_pkey PRIMARY KEY (id);


--
-- Name: auth_permission auth_permission_content_type_id_codename_01ab375a_uniq; Type: CONSTRAINT; Schema: public; Owner: hlech_user
--

ALTER TABLE ONLY public.auth_permission
    ADD CONSTRAINT auth_permission_content_type_id_codename_01ab375a_uniq UNIQUE (content_type_id, codename);


--
-- Name: auth_permission auth_permission_pkey; Type: CONSTRAINT; Schema: public; Owner: hlech_user
--

ALTER TABLE ONLY public.auth_permission
    ADD CONSTRAINT auth_permission_pkey PRIMARY KEY (id);


--
-- Name: core_profile core_profile_pkey; Type: CONSTRAINT; Schema: public; Owner: hlech_user
--

ALTER TABLE ONLY public.core_profile
    ADD CONSTRAINT core_profile_pkey PRIMARY KEY (id);


--
-- Name: core_profile core_profile_user_id_key; Type: CONSTRAINT; Schema: public; Owner: hlech_user
--

ALTER TABLE ONLY public.core_profile
    ADD CONSTRAINT core_profile_user_id_key UNIQUE (user_id);


--
-- Name: django_admin_log django_admin_log_pkey; Type: CONSTRAINT; Schema: public; Owner: hlech_user
--

ALTER TABLE ONLY public.django_admin_log
    ADD CONSTRAINT django_admin_log_pkey PRIMARY KEY (id);


--
-- Name: django_content_type django_content_type_app_label_model_76bd3d3b_uniq; Type: CONSTRAINT; Schema: public; Owner: hlech_user
--

ALTER TABLE ONLY public.django_content_type
    ADD CONSTRAINT django_content_type_app_label_model_76bd3d3b_uniq UNIQUE (app_label, model);


--
-- Name: django_content_type django_content_type_pkey; Type: CONSTRAINT; Schema: public; Owner: hlech_user
--

ALTER TABLE ONLY public.django_content_type
    ADD CONSTRAINT django_content_type_pkey PRIMARY KEY (id);


--
-- Name: django_migrations django_migrations_pkey; Type: CONSTRAINT; Schema: public; Owner: hlech_user
--

ALTER TABLE ONLY public.django_migrations
    ADD CONSTRAINT django_migrations_pkey PRIMARY KEY (id);


--
-- Name: django_session django_session_pkey; Type: CONSTRAINT; Schema: public; Owner: hlech_user
--

ALTER TABLE ONLY public.django_session
    ADD CONSTRAINT django_session_pkey PRIMARY KEY (session_key);


--
-- Name: token_blacklist_blacklistedtoken token_blacklist_blacklistedtoken_pkey; Type: CONSTRAINT; Schema: public; Owner: hlech_user
--

ALTER TABLE ONLY public.token_blacklist_blacklistedtoken
    ADD CONSTRAINT token_blacklist_blacklistedtoken_pkey PRIMARY KEY (id);


--
-- Name: token_blacklist_blacklistedtoken token_blacklist_blacklistedtoken_token_id_key; Type: CONSTRAINT; Schema: public; Owner: hlech_user
--

ALTER TABLE ONLY public.token_blacklist_blacklistedtoken
    ADD CONSTRAINT token_blacklist_blacklistedtoken_token_id_key UNIQUE (token_id);


--
-- Name: token_blacklist_outstandingtoken token_blacklist_outstandingtoken_jti_hex_d9bdf6f7_uniq; Type: CONSTRAINT; Schema: public; Owner: hlech_user
--

ALTER TABLE ONLY public.token_blacklist_outstandingtoken
    ADD CONSTRAINT token_blacklist_outstandingtoken_jti_hex_d9bdf6f7_uniq UNIQUE (jti_hex);


--
-- Name: token_blacklist_outstandingtoken token_blacklist_outstandingtoken_pkey; Type: CONSTRAINT; Schema: public; Owner: hlech_user
--

ALTER TABLE ONLY public.token_blacklist_outstandingtoken
    ADD CONSTRAINT token_blacklist_outstandingtoken_pkey PRIMARY KEY (id);


--
-- Name: accounts_user_groups_group_id_bd11a704; Type: INDEX; Schema: public; Owner: hlech_user
--

CREATE INDEX accounts_user_groups_group_id_bd11a704 ON public.accounts_user_groups USING btree (group_id);


--
-- Name: accounts_user_groups_user_id_52b62117; Type: INDEX; Schema: public; Owner: hlech_user
--

CREATE INDEX accounts_user_groups_user_id_52b62117 ON public.accounts_user_groups USING btree (user_id);


--
-- Name: accounts_user_user_permissions_permission_id_113bb443; Type: INDEX; Schema: public; Owner: hlech_user
--

CREATE INDEX accounts_user_user_permissions_permission_id_113bb443 ON public.accounts_user_user_permissions USING btree (permission_id);


--
-- Name: accounts_user_user_permissions_user_id_e4f0a161; Type: INDEX; Schema: public; Owner: hlech_user
--

CREATE INDEX accounts_user_user_permissions_user_id_e4f0a161 ON public.accounts_user_user_permissions USING btree (user_id);


--
-- Name: auth_group_name_a6ea08ec_like; Type: INDEX; Schema: public; Owner: hlech_user
--

CREATE INDEX auth_group_name_a6ea08ec_like ON public.auth_group USING btree (name varchar_pattern_ops);


--
-- Name: auth_group_permissions_group_id_b120cbf9; Type: INDEX; Schema: public; Owner: hlech_user
--

CREATE INDEX auth_group_permissions_group_id_b120cbf9 ON public.auth_group_permissions USING btree (group_id);


--
-- Name: auth_group_permissions_permission_id_84c5c92e; Type: INDEX; Schema: public; Owner: hlech_user
--

CREATE INDEX auth_group_permissions_permission_id_84c5c92e ON public.auth_group_permissions USING btree (permission_id);


--
-- Name: auth_permission_content_type_id_2f476e4b; Type: INDEX; Schema: public; Owner: hlech_user
--

CREATE INDEX auth_permission_content_type_id_2f476e4b ON public.auth_permission USING btree (content_type_id);


--
-- Name: django_admin_log_content_type_id_c4bce8eb; Type: INDEX; Schema: public; Owner: hlech_user
--

CREATE INDEX django_admin_log_content_type_id_c4bce8eb ON public.django_admin_log USING btree (content_type_id);


--
-- Name: django_admin_log_user_id_c564eba6; Type: INDEX; Schema: public; Owner: hlech_user
--

CREATE INDEX django_admin_log_user_id_c564eba6 ON public.django_admin_log USING btree (user_id);


--
-- Name: django_session_expire_date_a5c62663; Type: INDEX; Schema: public; Owner: hlech_user
--

CREATE INDEX django_session_expire_date_a5c62663 ON public.django_session USING btree (expire_date);


--
-- Name: django_session_session_key_c0390e0f_like; Type: INDEX; Schema: public; Owner: hlech_user
--

CREATE INDEX django_session_session_key_c0390e0f_like ON public.django_session USING btree (session_key varchar_pattern_ops);


--
-- Name: token_blacklist_outstandingtoken_jti_hex_d9bdf6f7_like; Type: INDEX; Schema: public; Owner: hlech_user
--

CREATE INDEX token_blacklist_outstandingtoken_jti_hex_d9bdf6f7_like ON public.token_blacklist_outstandingtoken USING btree (jti_hex varchar_pattern_ops);


--
-- Name: token_blacklist_outstandingtoken_user_id_83bc629a; Type: INDEX; Schema: public; Owner: hlech_user
--

CREATE INDEX token_blacklist_outstandingtoken_user_id_83bc629a ON public.token_blacklist_outstandingtoken USING btree (user_id);


--
-- Name: accounts_user_groups accounts_user_groups_group_id_bd11a704_fk_auth_group_id; Type: FK CONSTRAINT; Schema: public; Owner: hlech_user
--

ALTER TABLE ONLY public.accounts_user_groups
    ADD CONSTRAINT accounts_user_groups_group_id_bd11a704_fk_auth_group_id FOREIGN KEY (group_id) REFERENCES public.auth_group(id) DEFERRABLE INITIALLY DEFERRED;


--
-- Name: accounts_user_user_permissions accounts_user_user_p_permission_id_113bb443_fk_auth_perm; Type: FK CONSTRAINT; Schema: public; Owner: hlech_user
--

ALTER TABLE ONLY public.accounts_user_user_permissions
    ADD CONSTRAINT accounts_user_user_p_permission_id_113bb443_fk_auth_perm FOREIGN KEY (permission_id) REFERENCES public.auth_permission(id) DEFERRABLE INITIALLY DEFERRED;


--
-- Name: auth_group_permissions auth_group_permissio_permission_id_84c5c92e_fk_auth_perm; Type: FK CONSTRAINT; Schema: public; Owner: hlech_user
--

ALTER TABLE ONLY public.auth_group_permissions
    ADD CONSTRAINT auth_group_permissio_permission_id_84c5c92e_fk_auth_perm FOREIGN KEY (permission_id) REFERENCES public.auth_permission(id) DEFERRABLE INITIALLY DEFERRED;


--
-- Name: auth_group_permissions auth_group_permissions_group_id_b120cbf9_fk_auth_group_id; Type: FK CONSTRAINT; Schema: public; Owner: hlech_user
--

ALTER TABLE ONLY public.auth_group_permissions
    ADD CONSTRAINT auth_group_permissions_group_id_b120cbf9_fk_auth_group_id FOREIGN KEY (group_id) REFERENCES public.auth_group(id) DEFERRABLE INITIALLY DEFERRED;


--
-- Name: auth_permission auth_permission_content_type_id_2f476e4b_fk_django_co; Type: FK CONSTRAINT; Schema: public; Owner: hlech_user
--

ALTER TABLE ONLY public.auth_permission
    ADD CONSTRAINT auth_permission_content_type_id_2f476e4b_fk_django_co FOREIGN KEY (content_type_id) REFERENCES public.django_content_type(id) DEFERRABLE INITIALLY DEFERRED;


--
-- Name: django_admin_log django_admin_log_content_type_id_c4bce8eb_fk_django_co; Type: FK CONSTRAINT; Schema: public; Owner: hlech_user
--

ALTER TABLE ONLY public.django_admin_log
    ADD CONSTRAINT django_admin_log_content_type_id_c4bce8eb_fk_django_co FOREIGN KEY (content_type_id) REFERENCES public.django_content_type(id) DEFERRABLE INITIALLY DEFERRED;


--
-- Name: token_blacklist_blacklistedtoken token_blacklist_blacklistedtoken_token_id_3cc7fe56_fk; Type: FK CONSTRAINT; Schema: public; Owner: hlech_user
--

ALTER TABLE ONLY public.token_blacklist_blacklistedtoken
    ADD CONSTRAINT token_blacklist_blacklistedtoken_token_id_3cc7fe56_fk FOREIGN KEY (token_id) REFERENCES public.token_blacklist_outstandingtoken(id) DEFERRABLE INITIALLY DEFERRED;


--
-- PostgreSQL database dump complete
--

\unrestrict Vg1P0xEXSf3ecmd0gEO9m1CfW5QYozEdKniaFGBAWwxtGS64x86q3vdCkPBduaM

